{"accuracy": 0.9302499890327454, "loss": 0.34982356429100037}