model,val_loss,val_acc
model1,0.4109193980693817,0.9318333268165588
model2,0.37685391306877136,0.9119166731834412
