model,val_loss,val_acc
model1,0.6436740159988403,0.8964999914169312
model2,0.5830088257789612,0.859666645526886
