{"accuracy": 0.8951666951179504, "loss": 0.5348861217498779}