model,val_loss,val_acc
model1,0.35636886954307556,0.9269999861717224
model2,0.3408821225166321,0.9169999957084656
