model,val_loss,val_acc
model1,0.3853423595428467,0.9260833263397217
model2,0.4275350868701935,0.9079166650772095
