{"accuracy": 0.8989999890327454, "loss": 0.46914827823638916}