model,val_loss,val_acc
model1,0.34982356429100037,0.9302499890327454
model2,0.4013037383556366,0.9155833125114441
