{"accuracy": 0.8964999914169312, "loss": 0.6436740159988403}