model,val_loss,val_acc
model1,0.5348861217498779,0.8951666951179504
model2,0.558659017086029,0.874833345413208
