{"accuracy": 0.9318333268165588, "loss": 0.4109193980693817}