{"accuracy": 0.9260833263397217, "loss": 0.3853423595428467}