model,val_loss,val_acc
model1,0.46914827823638916,0.8989999890327454
model2,0.5956394672393799,0.859333336353302
