{"accuracy": 0.9269999861717224, "loss": 0.35636886954307556}